{"cameraMode":{"drawMode":0,"name":"Shaded","section":"Shading Mode"},"sceneLighting":true,"audioPlay":false,"sceneViewState":{"showFog":true,"showMaterialUpdate":false,"showSkybox":true,"showFlares":true,"showImageEffects":true,"showParticleSystems":true},"in2DMode":false,"pivot":{"x":-13.25517749786377,"y":26.33084487915039,"z":-80.62704467773438},"rotation":{"x":-0.00422658259049058,"y":0.9949650764465332,"z":-0.04779614508152008,"w":-0.08798998594284058},"size":155.44960021972657,"orthographic":false}